timestamp,timestamp,open,high,low,close,volume
2025-04-28 23:00:00+00:00,1745881200000,94774.7,95142.3,94749.1,94970.1,3528.6456
2025-04-29 00:00:00+00:00,1745884800000,94970.1,95187.0,94780.6,95011.4,2775.5704
2025-04-29 01:00:00+00:00,1745888400000,95011.4,95400.0,94684.1,94802.0,6309.7031
2025-04-29 02:00:00+00:00,1745892000000,94802.0,94921.1,94439.0,94560.0,3756.2363
2025-04-29 03:00:00+00:00,1745895600000,94560.0,94762.1,94385.5,94600.8,1666.2835
2025-04-29 04:00:00+00:00,1745899200000,94600.8,94824.9,94255.5,94311.5,2776.5296
2025-04-29 05:00:00+00:00,1745902800000,94311.5,94373.5,94159.7,94239.3,2625.9515
2025-04-29 06:00:00+00:00,1745906400000,94239.3,94768.1,94220.0,94732.0,3173.7117
2025-04-29 07:00:00+00:00,1745910000000,94732.0,94913.0,94665.0,94877.0,1857.4742
2025-04-29 08:00:00+00:00,1745913600000,94877.0,95047.3,94769.0,94982.2,3314.9885
2025-04-29 09:00:00+00:00,1745917200000,94982.2,95042.9,94740.1,94945.9,2187.9362
2025-04-29 10:00:00+00:00,1745920800000,94945.9,94998.9,94699.1,94776.6,2411.6123
2025-04-29 11:00:00+00:00,1745924400000,94776.6,95258.7,94767.7,95087.1,4013.3689
2025-04-29 12:00:00+00:00,1745928000000,95087.1,95132.6,94737.2,94772.9,3235.1219
2025-04-29 13:00:00+00:00,1745931600000,94772.9,94990.0,94538.7,94750.1,5751.0744
2025-04-29 14:00:00+00:00,1745935200000,94750.1,95262.3,94469.4,94990.1,11092.2812
2025-04-29 15:00:00+00:00,1745938800000,94990.1,95081.0,94670.0,94800.1,4043.0253
2025-04-29 16:00:00+00:00,1745942400000,94800.1,95421.1,94750.0,94900.5,7773.286
2025-04-29 17:00:00+00:00,1745946000000,94900.5,95329.7,94595.0,95187.5,5923.83
2025-04-29 18:00:00+00:00,1745949600000,95187.5,95398.5,95013.9,95345.0,4217.1441
2025-04-29 19:00:00+00:00,1745953200000,95345.0,95393.7,95180.7,95237.4,2465.0516
2025-04-29 20:00:00+00:00,1745956800000,95237.4,95348.8,94761.3,94783.8,3399.4747
2025-04-29 21:00:00+00:00,1745960400000,94783.8,94919.6,94290.4,94682.2,7111.6544
2025-04-29 22:00:00+00:00,1745964000000,94682.2,94682.4,93948.0,94110.0,5693.2899
2025-04-29 23:00:00+00:00,1745967600000,94110.0,94258.0,93684.0,94201.2,6411.7093
2025-04-30 00:00:00+00:00,1745971200000,94201.2,94584.0,94081.0,94497.3,3154.1596
2025-04-30 01:00:00+00:00,1745974800000,94497.3,94568.5,94232.9,94486.6,2268.8715
2025-04-30 02:00:00+00:00,1745978400000,94486.6,94740.6,94400.4,94594.9,2241.793
2025-04-30 03:00:00+00:00,1745982000000,94594.9,95071.8,94449.9,94978.7,3610.3758
2025-04-30 04:00:00+00:00,1745985600000,94978.7,95146.6,94823.2,94991.4,2561.8061
2025-04-30 05:00:00+00:00,1745989200000,94991.4,95068.0,94826.0,94849.7,1746.2355
2025-04-30 06:00:00+00:00,1745992800000,94849.7,94931.6,94705.0,94713.6,1792.749
2025-04-30 07:00:00+00:00,1745996400000,94713.6,94835.7,94453.1,94577.0,2640.8147
2025-04-30 08:00:00+00:00,1746000000000,94577.0,94766.8,94467.7,94661.1,2041.7527
2025-04-30 09:00:00+00:00,1746003600000,94661.1,95000.0,94613.3,94917.3,2609.9069
2025-04-30 10:00:00+00:00,1746007200000,94917.3,94967.6,94810.0,94901.8,1324.7192
2025-04-30 11:00:00+00:00,1746010800000,94901.8,95187.5,94884.0,95125.4,4600.7351
2025-04-30 12:00:00+00:00,1746014400000,95125.4,95164.6,94300.0,94500.1,11602.1847
2025-04-30 13:00:00+00:00,1746018000000,94500.1,94618.9,92960.9,92980.1,16800.2769
2025-04-30 14:00:00+00:00,1746021600000,92980.1,94332.2,92858.0,93666.6,18578.2831
2025-04-30 15:00:00+00:00,1746025200000,93666.6,94070.0,93602.9,93950.1,4462.7696
2025-04-30 16:00:00+00:00,1746028800000,93950.1,94154.6,93479.7,93900.6,4883.9092
2025-04-30 17:00:00+00:00,1746032400000,93900.6,94233.8,93711.4,94060.2,2732.8147
2025-04-30 18:00:00+00:00,1746036000000,94060.2,94482.4,93960.8,94042.8,4716.3734
2025-04-30 19:00:00+00:00,1746039600000,94042.8,94230.9,93699.0,94132.0,2194.7836
2025-04-30 20:00:00+00:00,1746043200000,94132.0,94707.5,94085.0,94514.9,4062.245
2025-04-30 21:00:00+00:00,1746046800000,94514.9,94756.2,94327.9,94382.7,2060.3753
2025-04-30 22:00:00+00:00,1746050400000,94382.7,94680.1,94020.3,94076.9,1948.0319
2025-04-30 23:00:00+00:00,1746054000000,94076.9,94288.7,93949.5,94126.0,1719.9553
2025-05-01 00:00:00+00:00,1746057600000,94126.0,94359.9,94085.7,94359.9,1306.7619
2025-05-01 01:00:00+00:00,1746061200000,94359.9,94663.5,94350.6,94597.8,2766.371
2025-05-01 02:00:00+00:00,1746064800000,94597.8,94930.8,94562.1,94800.0,3302.04
2025-05-01 03:00:00+00:00,1746068400000,94800.0,94971.1,94630.0,94734.0,2558.8533
2025-05-01 04:00:00+00:00,1746072000000,94734.0,94884.4,94667.0,94823.4,1230.2195
2025-05-01 05:00:00+00:00,1746075600000,94823.4,95141.0,94787.3,95103.1,6156.369
2025-05-01 06:00:00+00:00,1746079200000,95103.1,95142.1,94758.2,94849.9,4252.8807
2025-05-01 07:00:00+00:00,1746082800000,94849.9,95064.9,94753.4,94977.6,1576.7412
2025-05-01 08:00:00+00:00,1746086400000,94977.6,95173.0,94869.9,95162.1,2125.2665
2025-05-01 09:00:00+00:00,1746090000000,95162.1,95776.9,95096.9,95477.2,11137.0244
2025-05-01 10:00:00+00:00,1746093600000,95477.2,96350.0,95477.2,96117.9,16053.0874
2025-05-01 11:00:00+00:00,1746097200000,96117.9,96200.0,95786.9,96120.5,6142.5841
2025-05-01 12:00:00+00:00,1746100800000,96120.5,96416.7,96050.3,96317.0,9736.9615
2025-05-01 13:00:00+00:00,1746104400000,96317.0,96696.1,95750.0,95750.1,12635.8741
2025-05-01 14:00:00+00:00,1746108000000,95750.1,96860.0,95750.1,96773.9,11916.2243
2025-05-01 15:00:00+00:00,1746111600000,96773.9,97387.6,96689.9,96796.5,14876.7218
2025-05-01 16:00:00+00:00,1746115200000,96796.5,97300.0,96794.5,96949.9,4813.4052
2025-05-01 17:00:00+00:00,1746118800000,96949.9,97166.0,96460.0,96738.2,8389.3712
2025-05-01 18:00:00+00:00,1746122400000,96738.2,96902.8,96388.3,96816.6,5065.7675
2025-05-01 19:00:00+00:00,1746126000000,96816.6,96825.0,96368.6,96448.9,3913.9534
2025-05-01 20:00:00+00:00,1746129600000,96448.9,96805.8,96250.0,96345.2,3314.5612
2025-05-01 21:00:00+00:00,1746133200000,96345.2,96727.5,96328.3,96417.1,1842.1483
2025-05-01 22:00:00+00:00,1746136800000,96417.1,96586.4,96310.0,96330.0,1378.5681
2025-05-01 23:00:00+00:00,1746140400000,96330.0,96444.5,96126.0,96424.3,2656.0948
2025-05-02 00:00:00+00:00,1746144000000,96424.3,97002.0,96399.0,96972.9,3718.9685
2025-05-02 01:00:00+00:00,1746147600000,96972.9,97111.8,96709.1,96915.1,3218.4621
2025-05-02 02:00:00+00:00,1746151200000,96915.1,96990.0,96676.6,96900.4,1690.8259
2025-05-02 03:00:00+00:00,1746154800000,96900.4,97178.8,96900.3,97054.4,2649.9129
2025-05-02 04:00:00+00:00,1746158400000,97054.4,97250.0,96814.3,96894.2,2461.8094
2025-05-02 05:00:00+00:00,1746162000000,96894.2,96953.0,96581.2,96665.9,2634.1177
2025-05-02 06:00:00+00:00,1746165600000,96665.9,96828.0,96493.8,96657.7,2859.0252
2025-05-02 07:00:00+00:00,1746169200000,96657.7,96674.8,96300.0,96302.2,5673.8941
2025-05-02 08:00:00+00:00,1746172800000,96302.2,96719.8,96300.0,96580.7,5518.79
2025-05-02 09:00:00+00:00,1746176400000,96580.7,96729.0,96403.2,96550.7,2102.6988
2025-05-02 10:00:00+00:00,1746180000000,96550.7,96886.1,96548.9,96843.8,1711.3386
2025-05-02 11:00:00+00:00,1746183600000,96843.8,97041.7,96823.6,96874.7,2765.3895
2025-05-02 12:00:00+00:00,1746187200000,96874.7,97135.2,96600.8,97133.2,5882.1531
2025-05-02 13:00:00+00:00,1746190800000,97133.2,97200.0,96602.0,96710.7,4788.3263
2025-05-02 14:00:00+00:00,1746194400000,96710.7,97860.9,96650.0,97691.1,13748.7897
2025-05-02 15:00:00+00:00,1746198000000,97691.1,97850.0,97003.9,97271.1,8739.7368
2025-05-02 16:00:00+00:00,1746201600000,97271.1,97736.0,97270.0,97313.8,7271.8866
2025-05-02 17:00:00+00:00,1746205200000,97313.8,97373.3,96999.0,97337.0,4863.889
2025-05-02 18:00:00+00:00,1746208800000,97337.0,97558.2,97100.0,97124.0,2168.212
2025-05-02 19:00:00+00:00,1746212400000,97124.0,97137.2,96699.0,96875.2,4070.3594
2025-05-02 20:00:00+00:00,1746216000000,96875.2,97082.0,96783.0,96962.7,1668.37
2025-05-02 21:00:00+00:00,1746219600000,96962.7,96989.8,96509.0,96669.5,2290.6542
2025-05-02 22:00:00+00:00,1746223200000,96669.5,96740.0,96519.2,96608.6,1443.9974
2025-05-02 23:00:00+00:00,1746226800000,96608.6,96846.6,96553.7,96832.2,1288.9538
2025-05-03 00:00:00+00:00,1746230400000,96832.2,96862.0,96584.9,96658.1,1155.8198
2025-05-03 01:00:00+00:00,1746234000000,96658.1,96676.8,96385.8,96453.0,2422.5495
2025-05-03 02:00:00+00:00,1746237600000,96453.0,96658.3,96436.8,96499.1,1217.2165
2025-05-03 03:00:00+00:00,1746241200000,96499.1,96500.0,96256.2,96292.9,3268.426
2025-05-03 04:00:00+00:00,1746244800000,96292.9,96541.9,96257.2,96471.2,1067.9445
2025-05-03 05:00:00+00:00,1746248400000,96471.2,96555.0,96368.6,96380.4,1318.0753
2025-05-03 06:00:00+00:00,1746252000000,96380.4,96380.4,96070.0,96119.9,3217.1415
2025-05-03 07:00:00+00:00,1746255600000,96119.9,96351.0,96103.2,96283.2,2205.6415
2025-05-03 08:00:00+00:00,1746259200000,96283.2,96378.8,96100.0,96245.3,4159.4104
2025-05-03 09:00:00+00:00,1746262800000,96245.3,96362.5,96143.0,96218.8,1113.1679
2025-05-03 10:00:00+00:00,1746266400000,96218.8,96218.8,95814.0,95854.8,5477.9422
2025-05-03 11:00:00+00:00,1746270000000,95854.8,96043.3,95814.6,95894.7,2656.5119
2025-05-03 12:00:00+00:00,1746273600000,95894.7,96111.0,95835.8,96075.2,1785.6104
2025-05-03 13:00:00+00:00,1746277200000,96075.2,96287.1,96056.9,96287.0,2244.8375
2025-05-03 14:00:00+00:00,1746280800000,96287.0,96405.1,96234.1,96314.3,2321.3113
2025-05-03 15:00:00+00:00,1746284400000,96314.3,96456.6,96272.3,96357.7,3505.9042
2025-05-03 16:00:00+00:00,1746288000000,96357.7,96369.9,96020.3,96161.0,2483.3459
2025-05-03 17:00:00+00:00,1746291600000,96161.0,96161.0,95812.2,96144.0,3003.9063
2025-05-03 18:00:00+00:00,1746295200000,96144.0,96230.0,96049.0,96103.5,1623.5534
2025-05-03 19:00:00+00:00,1746298800000,96103.5,96313.1,96074.8,96311.1,1203.5618
2025-05-03 20:00:00+00:00,1746302400000,96311.1,96340.1,96249.0,96299.5,634.8872
2025-05-03 21:00:00+00:00,1746306000000,96299.5,96394.9,96199.0,96211.2,929.0896
2025-05-03 22:00:00+00:00,1746309600000,96211.2,96299.9,96130.3,96130.3,1453.3271
2025-05-03 23:00:00+00:00,1746313200000,96130.3,96134.0,95699.0,95802.4,3799.5056
2025-05-04 00:00:00+00:00,1746316800000,95802.4,96008.7,95718.5,95820.0,2193.8147
2025-05-04 01:00:00+00:00,1746320400000,95820.0,96142.9,95535.8,96032.1,4196.3856
2025-05-04 02:00:00+00:00,1746324000000,96032.1,96266.7,95751.7,95835.3,2815.7894
2025-05-04 03:00:00+00:00,1746327600000,95835.3,95848.8,95609.1,95681.0,2173.0852
2025-05-04 04:00:00+00:00,1746331200000,95681.0,95900.0,95680.0,95681.1,1394.4362
2025-05-04 05:00:00+00:00,1746334800000,95681.1,96099.0,95638.7,96013.6,1932.5038
2025-05-04 06:00:00+00:00,1746338400000,96013.6,96110.7,95833.2,95859.8,1924.0578
2025-05-04 07:00:00+00:00,1746342000000,95859.8,96039.5,95759.2,95834.9,1850.7848
2025-05-04 08:00:00+00:00,1746345600000,95834.9,95882.7,95367.8,95597.9,4002.7494
2025-05-04 09:00:00+00:00,1746349200000,95597.9,95636.0,95401.0,95441.1,2749.6684
2025-05-04 10:00:00+00:00,1746352800000,95441.1,95480.0,95247.0,95374.2,3248.0178
2025-05-04 11:00:00+00:00,1746356400000,95374.2,95509.0,95321.0,95377.1,1525.7705
2025-05-04 12:00:00+00:00,1746360000000,95377.1,95552.5,95369.5,95429.0,1533.0495
2025-05-04 13:00:00+00:00,1746363600000,95429.0,95549.9,95171.4,95331.2,3929.5823
2025-05-04 14:00:00+00:00,1746367200000,95331.2,95599.9,95278.6,95565.3,2207.8116
2025-05-04 15:00:00+00:00,1746370800000,95565.3,95641.9,95385.3,95422.2,2190.2609
2025-05-04 16:00:00+00:00,1746374400000,95422.2,95519.9,95251.0,95300.8,1839.4652
2025-05-04 17:00:00+00:00,1746378000000,95300.8,95441.9,95211.0,95366.6,1366.2282
2025-05-04 18:00:00+00:00,1746381600000,95366.6,95449.6,95320.3,95332.6,1043.3042
2025-05-04 19:00:00+00:00,1746385200000,95332.6,95591.0,95299.3,95534.7,1158.5007
2025-05-04 20:00:00+00:00,1746388800000,95534.7,95678.0,95522.0,95675.0,1580.0351
2025-05-04 21:00:00+00:00,1746392400000,95675.0,95701.0,95570.6,95623.6,1077.0189
2025-05-04 22:00:00+00:00,1746396000000,95623.6,95640.5,94678.1,94960.7,8695.3119
2025-05-04 23:00:00+00:00,1746399600000,94960.7,94980.6,94123.0,94232.8,10237.3676
2025-05-05 00:00:00+00:00,1746403200000,94232.8,94750.0,94160.8,94663.4,4764.987
2025-05-05 01:00:00+00:00,1746406800000,94663.4,94699.9,93665.8,93881.0,9338.8312
2025-05-05 02:00:00+00:00,1746410400000,93881.0,94351.0,93456.3,94193.8,7540.1146
2025-05-05 03:00:00+00:00,1746414000000,94193.8,94257.9,93980.8,94002.2,2116.3254
2025-05-05 04:00:00+00:00,1746417600000,94002.2,94408.9,93979.0,94370.8,2709.8524
2025-05-05 05:00:00+00:00,1746421200000,94370.8,94719.9,94194.0,94695.3,3474.0342
2025-05-05 06:00:00+00:00,1746424800000,94695.3,94749.8,94529.2,94723.3,2997.8264
2025-05-05 07:00:00+00:00,1746428400000,94723.3,94780.3,94473.9,94690.0,3229.1132
2025-05-05 08:00:00+00:00,1746432000000,94690.0,94727.8,94441.7,94508.0,2235.6854
2025-05-05 09:00:00+00:00,1746435600000,94508.0,94603.0,94421.7,94503.7,1295.1098
2025-05-05 10:00:00+00:00,1746439200000,94503.7,94506.2,93996.5,94077.3,5055.3069
2025-05-05 11:00:00+00:00,1746442800000,94077.3,94229.2,93841.4,93985.0,4824.5931
2025-05-05 12:00:00+00:00,1746446400000,93985.0,94293.0,93850.3,94280.4,3475.307
2025-05-05 13:00:00+00:00,1746450000000,94280.4,94355.6,93600.1,94193.3,9017.9381
2025-05-05 14:00:00+00:00,1746453600000,94193.3,94491.0,93675.6,93841.6,9630.5653
2025-05-05 15:00:00+00:00,1746457200000,93841.6,93926.6,93558.6,93726.1,4440.5893
2025-05-05 16:00:00+00:00,1746460800000,93726.1,94223.1,93706.3,94162.8,3390.182
2025-05-05 17:00:00+00:00,1746464400000,94162.8,94593.0,94021.2,94458.8,3531.076
2025-05-05 18:00:00+00:00,1746468000000,94458.8,94858.0,94400.5,94675.5,4880.8613
2025-05-05 19:00:00+00:00,1746471600000,94675.5,94853.0,94230.0,94298.9,3077.6769
2025-05-05 20:00:00+00:00,1746475200000,94298.9,94315.6,93824.2,94199.3,3539.7905
2025-05-05 21:00:00+00:00,1746478800000,94199.3,94799.2,94187.2,94672.5,4259.06
2025-05-05 22:00:00+00:00,1746482400000,94672.5,95165.0,94670.1,95002.0,5305.2358
2025-05-05 23:00:00+00:00,1746486000000,95002.0,95090.7,94681.5,94691.0,1971.0844
2025-05-06 00:00:00+00:00,1746489600000,94691.0,94741.9,94383.1,94559.5,2305.1618
2025-05-06 01:00:00+00:00,1746493200000,94559.5,94894.2,94252.3,94255.7,3751.3466
2025-05-06 02:00:00+00:00,1746496800000,94255.7,94356.3,93975.9,94292.3,3520.5637
2025-05-06 03:00:00+00:00,1746500400000,94292.3,94461.0,94182.1,94405.0,1617.8388
2025-05-06 04:00:00+00:00,1746504000000,94405.0,94550.0,94299.4,94541.5,1685.0904
2025-05-06 05:00:00+00:00,1746507600000,94541.5,94573.2,94266.0,94299.7,1692.8112
2025-05-06 06:00:00+00:00,1746511200000,94299.7,94465.0,94299.2,94463.8,1324.8432
2025-05-06 07:00:00+00:00,1746514800000,94463.8,94597.2,94317.0,94350.0,1275.232
2025-05-06 08:00:00+00:00,1746518400000,94350.0,94355.5,93948.9,94339.6,4143.6063
2025-05-06 09:00:00+00:00,1746522000000,94339.6,94342.7,94081.7,94171.7,2125.1294
2025-05-06 10:00:00+00:00,1746525600000,94171.7,94295.5,93811.0,93882.7,4186.0138
2025-05-06 11:00:00+00:00,1746529200000,93882.7,94010.4,93669.7,93770.0,4911.0309
2025-05-06 12:00:00+00:00,1746532800000,93770.0,93996.0,93721.1,93898.3,2900.1092
2025-05-06 13:00:00+00:00,1746536400000,93898.3,93980.0,93340.0,93571.4,8301.3281
2025-05-06 14:00:00+00:00,1746540000000,93571.4,94637.8,93566.3,94103.0,11729.2714
2025-05-06 15:00:00+00:00,1746543600000,94103.0,94684.0,94034.0,94506.5,6268.4947
2025-05-06 16:00:00+00:00,1746547200000,94506.5,94765.9,94162.8,94191.6,5761.4568
2025-05-06 17:00:00+00:00,1746550800000,94191.6,94800.0,94179.3,94477.0,3882.8598
2025-05-06 18:00:00+00:00,1746554400000,94477.0,95042.4,94448.7,95026.6,3558.2848
2025-05-06 19:00:00+00:00,1746558000000,95026.6,95110.0,94863.4,94909.8,3585.9611
2025-05-06 20:00:00+00:00,1746561600000,94909.8,94978.4,94572.9,94624.4,2383.3848
2025-05-06 21:00:00+00:00,1746565200000,94624.4,94751.1,94400.1,94638.1,2706.5518
2025-05-06 22:00:00+00:00,1746568800000,94638.1,96249.9,94623.7,96205.2,15655.6041
2025-05-06 23:00:00+00:00,1746572400000,96205.2,96880.5,96053.4,96791.7,10737.5823
2025-05-07 00:00:00+00:00,1746576000000,96791.7,97471.8,96715.1,97377.1,10026.7123
2025-05-07 01:00:00+00:00,1746579600000,97377.1,97700.0,97150.0,97209.8,7108.7639
2025-05-07 02:00:00+00:00,1746583200000,97209.8,97237.1,96439.4,96583.3,6370.2049
2025-05-07 03:00:00+00:00,1746586800000,96583.3,96624.0,96156.0,96454.6,6329.0017
2025-05-07 04:00:00+00:00,1746590400000,96454.6,96656.8,96372.3,96528.6,3737.5819
2025-05-07 05:00:00+00:00,1746594000000,96528.6,96528.6,96267.0,96339.0,2240.9367
2025-05-07 06:00:00+00:00,1746597600000,96339.0,96614.6,96317.1,96510.8,3252.6153
2025-05-07 07:00:00+00:00,1746601200000,96510.8,96959.0,96504.8,96939.9,3640.3085
2025-05-07 08:00:00+00:00,1746604800000,96939.9,97033.7,96804.5,96971.2,2634.3031
2025-05-07 09:00:00+00:00,1746608400000,96971.2,97005.7,96815.1,96932.5,1711.0664
2025-05-07 10:00:00+00:00,1746612000000,96932.5,97078.0,96782.0,96978.9,2968.7734
2025-05-07 11:00:00+00:00,1746615600000,96978.9,97025.9,96846.1,96994.9,2272.2283
2025-05-07 12:00:00+00:00,1746619200000,96994.9,97151.0,96814.0,96919.9,3015.3232
2025-05-07 13:00:00+00:00,1746622800000,96919.9,97285.0,96660.0,96967.4,6897.9483
2025-05-07 14:00:00+00:00,1746626400000,96967.4,97447.8,96749.0,96894.2,9143.8917
2025-05-07 15:00:00+00:00,1746630000000,96894.2,97113.5,96715.7,96883.4,4918.7895
2025-05-07 16:00:00+00:00,1746633600000,96883.4,96916.8,96469.1,96807.8,5946.6455
2025-05-07 17:00:00+00:00,1746637200000,96807.8,96846.6,96145.7,96278.4,5164.4367
2025-05-07 18:00:00+00:00,1746640800000,96278.4,96826.1,95836.9,96544.6,17264.6281
2025-05-07 19:00:00+00:00,1746644400000,96544.6,96576.6,95730.2,96124.3,8127.4021
2025-05-07 20:00:00+00:00,1746648000000,96124.3,96724.9,96031.3,96724.8,2370.5352
2025-05-07 21:00:00+00:00,1746651600000,96724.8,97290.7,96603.7,97075.2,5573.3019
2025-05-07 22:00:00+00:00,1746655200000,97075.2,97252.6,96974.8,97212.9,2356.452
2025-05-07 23:00:00+00:00,1746658800000,97212.9,97359.3,96917.7,96987.6,2744.4465
2025-05-08 00:00:00+00:00,1746662400000,96987.6,97765.0,96831.1,97723.7,4143.0885
2025-05-08 01:00:00+00:00,1746666000000,97723.7,98335.0,97549.0,97768.1,11504.0324
2025-05-08 02:00:00+00:00,1746669600000,97768.1,98812.5,97768.1,98625.0,11964.7525
2025-05-08 03:00:00+00:00,1746673200000,98625.0,99188.0,98481.0,99098.5,9086.2544
2025-05-08 04:00:00+00:00,1746676800000,99098.5,99375.3,98888.0,98904.3,9149.6773
2025-05-08 05:00:00+00:00,1746680400000,98904.3,99075.0,98688.5,98700.4,4317.1733
2025-05-08 06:00:00+00:00,1746684000000,98700.4,98986.6,98680.0,98983.8,2171.136
2025-05-08 07:00:00+00:00,1746687600000,98983.8,99324.0,98983.4,99210.0,5775.8855
2025-05-08 08:00:00+00:00,1746691200000,99210.0,99765.3,99167.0,99612.9,9539.1108
2025-05-08 09:00:00+00:00,1746694800000,99612.9,99760.9,99495.7,99741.0,3377.8537
2025-05-08 10:00:00+00:00,1746698400000,99741.0,99849.0,99632.6,99736.0,3858.5173
2025-05-08 11:00:00+00:00,1746702000000,99736.0,99736.0,99369.2,99370.4,4314.2686
2025-05-08 12:00:00+00:00,1746705600000,99370.4,99517.2,99215.6,99248.9,4290.4564
2025-05-08 13:00:00+00:00,1746709200000,99248.9,99582.5,99051.0,99254.9,6053.1713
2025-05-08 14:00:00+00:00,1746712800000,99254.9,99777.0,99111.2,99320.0,9019.9153
2025-05-08 15:00:00+00:00,1746716400000,99320.0,101494.3,99265.0,100726.5,28242.5451
2025-05-08 16:00:00+00:00,1746720000000,100726.5,101318.1,100549.2,101234.8,10719.5761
2025-05-08 17:00:00+00:00,1746723600000,101234.8,101675.8,100756.0,100975.6,9282.4531
2025-05-08 18:00:00+00:00,1746727200000,100975.6,101437.7,100931.1,101318.9,3752.4668
2025-05-08 19:00:00+00:00,1746730800000,101318.9,101318.9,100913.2,101241.3,5366.8564
2025-05-08 20:00:00+00:00,1746734400000,101241.3,102837.4,101232.6,102586.1,13925.4353
2025-05-08 21:00:00+00:00,1746738000000,102586.1,104271.8,102078.9,102801.0,17645.4681
2025-05-08 22:00:00+00:00,1746741600000,102801.0,103200.0,102375.3,102990.6,5394.5926
2025-05-08 23:00:00+00:00,1746745200000,102990.6,103268.8,102745.1,103226.9,4334.8068
2025-05-09 00:00:00+00:00,1746748800000,103226.9,103229.1,102526.1,102800.6,3485.3308
2025-05-09 01:00:00+00:00,1746752400000,102800.6,103101.2,102523.9,103071.1,2779.844
2025-05-09 02:00:00+00:00,1746756000000,103071.1,103071.1,102500.0,102552.0,2058.5907
2025-05-09 03:00:00+00:00,1746759600000,102552.0,102769.2,102331.2,102422.6,3170.9975
2025-05-09 04:00:00+00:00,1746763200000,102422.6,102832.4,102350.5,102802.1,2541.8253
2025-05-09 05:00:00+00:00,1746766800000,102802.1,102938.0,102570.0,102938.0,2939.0518
2025-05-09 06:00:00+00:00,1746770400000,102938.0,103226.8,102885.0,103179.9,3565.2565
2025-05-09 07:00:00+00:00,1746774000000,103179.9,104347.0,103089.9,103613.9,10974.1615
2025-05-09 08:00:00+00:00,1746777600000,103613.9,103916.5,102622.8,102945.2,12183.2936
2025-05-09 09:00:00+00:00,1746781200000,102945.2,103258.9,102375.4,102876.8,6885.9148
2025-05-09 10:00:00+00:00,1746784800000,102876.8,103427.5,102754.8,103314.9,3351.1123
2025-05-09 11:00:00+00:00,1746788400000,103314.9,103452.0,102631.7,102914.0,5659.9205
2025-05-09 12:00:00+00:00,1746792000000,102914.0,103120.0,102763.4,102859.9,2011.3619
2025-05-09 13:00:00+00:00,1746795600000,102859.9,103747.4,102775.9,103586.8,6383.2994
2025-05-09 14:00:00+00:00,1746799200000,103586.8,103700.0,102371.3,103112.0,11567.6072
2025-05-09 15:00:00+00:00,1746802800000,103112.0,103269.1,102643.7,102850.0,2998.5372
2025-05-09 16:00:00+00:00,1746806400000,102850.0,102892.1,102271.4,102445.6,3362.7857
2025-05-09 17:00:00+00:00,1746810000000,102445.6,103199.6,102309.9,103164.8,4546.6407
2025-05-09 18:00:00+00:00,1746813600000,103164.8,103337.2,102901.5,103141.6,2095.7115
2025-05-09 19:00:00+00:00,1746817200000,103141.6,103247.4,102844.0,103140.0,1480.7005
2025-05-09 20:00:00+00:00,1746820800000,103140.0,103363.5,103092.4,103142.1,1661.8977
2025-05-09 21:00:00+00:00,1746824400000,103142.1,103176.2,102737.4,102941.7,2871.2826
2025-05-09 22:00:00+00:00,1746828000000,102941.7,103037.4,102709.9,102745.5,894.3381
2025-05-09 23:00:00+00:00,1746831600000,102745.5,102950.4,102705.9,102942.1,736.389
2025-05-10 00:00:00+00:00,1746835200000,102942.1,103082.8,102782.9,102819.9,1152.3523
2025-05-10 01:00:00+00:00,1746838800000,102819.9,103074.1,102818.6,102931.6,764.5397
2025-05-10 02:00:00+00:00,1746842400000,102931.6,103231.2,102904.1,103103.0,1007.6201
2025-05-10 03:00:00+00:00,1746846000000,103103.0,103185.4,102937.0,103178.2,736.6999
2025-05-10 04:00:00+00:00,1746849600000,103178.2,103180.0,103005.6,103122.7,761.7892
2025-05-10 05:00:00+00:00,1746853200000,103122.7,103321.1,103056.2,103317.8,2012.1937
2025-05-10 06:00:00+00:00,1746856800000,103317.8,103900.0,103317.8,103894.8,5563.9355
2025-05-10 07:00:00+00:00,1746860400000,103894.8,104073.0,103584.8,103720.8,4751.3826
2025-05-10 08:00:00+00:00,1746864000000,103720.8,104053.6,103412.2,103588.3,4925.0726
2025-05-10 09:00:00+00:00,1746867600000,103588.3,103870.0,103320.0,103724.2,3534.4343
2025-05-10 10:00:00+00:00,1746871200000,103724.2,103847.2,103539.0,103541.0,1942.8892
2025-05-10 11:00:00+00:00,1746874800000,103541.0,103608.4,103337.3,103375.1,2426.3527
2025-05-10 12:00:00+00:00,1746878400000,103375.1,103779.9,103375.0,103644.3,1981.6948
2025-05-10 13:00:00+00:00,1746882000000,103644.3,103750.0,103486.7,103585.7,1480.2473
2025-05-10 14:00:00+00:00,1746885600000,103585.7,103629.9,103370.0,103477.7,1450.9175
2025-05-10 15:00:00+00:00,1746889200000,103477.7,103488.6,103050.0,103100.3,3324.1515
2025-05-10 16:00:00+00:00,1746892800000,103100.3,103485.8,103098.0,103396.9,2682.7145
2025-05-10 17:00:00+00:00,1746896400000,103396.9,103583.6,103126.2,103134.7,3938.3379
2025-05-10 18:00:00+00:00,1746900000000,103134.7,103294.5,102950.0,103203.3,2016.3543
2025-05-10 19:00:00+00:00,1746903600000,103203.3,103262.1,103045.1,103148.0,728.9649
2025-05-10 20:00:00+00:00,1746907200000,103148.0,103277.2,103015.8,103145.7,559.3731
2025-05-10 21:00:00+00:00,1746910800000,103145.7,103770.0,103124.3,103727.8,1528.7316
2025-05-10 22:00:00+00:00,1746914400000,103727.8,103786.9,103509.5,103551.1,1616.8869
2025-05-10 23:00:00+00:00,1746918000000,103551.1,104990.0,103525.9,104787.8,11788.8308
2025-05-11 00:00:00+00:00,1746921600000,104787.8,104934.6,103888.1,104381.2,7207.9393
2025-05-11 01:00:00+00:00,1746925200000,104381.2,104500.0,103816.9,104093.2,2927.3648
2025-05-11 02:00:00+00:00,1746928800000,104093.2,104231.9,103421.0,103713.4,3726.1494
2025-05-11 03:00:00+00:00,1746932400000,103713.4,104145.4,103604.8,103950.0,1798.1542
2025-05-11 04:00:00+00:00,1746936000000,103950.0,104360.0,103946.6,104114.5,2702.8475
2025-05-11 05:00:00+00:00,1746939600000,104114.5,104162.8,103786.0,103801.1,2230.2696
2025-05-11 06:00:00+00:00,1746943200000,103801.1,103938.9,103565.7,103808.0,1625.4486
2025-05-11 07:00:00+00:00,1746946800000,103808.0,103822.7,103276.4,103330.7,3559.2112
2025-05-11 08:00:00+00:00,1746950400000,103330.7,103994.8,103330.6,103784.9,2893.563
2025-05-11 09:00:00+00:00,1746954000000,103784.9,104451.3,103784.9,104311.3,3720.3007
2025-05-11 10:00:00+00:00,1746957600000,104311.3,104627.7,104157.5,104615.1,2678.8537
2025-05-11 11:00:00+00:00,1746961200000,104615.1,104743.4,104326.3,104612.2,4136.1726
2025-05-11 12:00:00+00:00,1746964800000,104612.2,104864.2,104493.5,104560.6,5035.3391
2025-05-11 13:00:00+00:00,1746968400000,104560.6,104630.5,103908.3,103928.8,5853.7466
2025-05-11 14:00:00+00:00,1746972000000,103928.8,104240.5,103725.5,104114.4,3598.6744
2025-05-11 15:00:00+00:00,1746975600000,104114.4,104630.0,103856.4,104085.0,5146.6679
2025-05-11 16:00:00+00:00,1746979200000,104085.0,104131.1,103690.8,103942.5,2443.3613
2025-05-11 17:00:00+00:00,1746982800000,103942.5,104108.7,103751.0,103987.9,1151.7677
2025-05-11 18:00:00+00:00,1746986400000,103987.9,104799.7,103811.8,104489.3,3577.5246
2025-05-11 19:00:00+00:00,1746990000000,104489.3,104619.2,104305.7,104374.9,1930.2259
2025-05-11 20:00:00+00:00,1746993600000,104374.9,104406.3,104116.0,104225.9,1258.027
2025-05-11 21:00:00+00:00,1746997200000,104225.9,104343.8,103898.9,104315.3,2260.0321
2025-05-11 22:00:00+00:00,1747000800000,104315.3,104527.4,103512.4,103750.2,4006.5177
2025-05-11 23:00:00+00:00,1747004400000,103750.2,104090.0,103719.5,104059.4,1810.2496
2025-05-12 00:00:00+00:00,1747008000000,104059.4,104585.0,104021.6,104540.4,4238.2854
2025-05-12 01:00:00+00:00,1747011600000,104540.4,105118.7,103709.6,103943.3,10252.2494
2025-05-12 02:00:00+00:00,1747015200000,103943.3,104169.6,103664.4,103853.1,3097.9051
2025-05-12 03:00:00+00:00,1747018800000,103853.1,104065.1,103672.0,104065.1,1606.7072
2025-05-12 04:00:00+00:00,1747022400000,104065.1,104129.0,103778.2,104022.4,1326.4221
2025-05-12 05:00:00+00:00,1747026000000,104022.4,104022.5,103708.7,103905.3,2225.5225
2025-05-12 06:00:00+00:00,1747029600000,103905.3,104371.4,103754.9,104345.0,3699.1211
2025-05-12 07:00:00+00:00,1747033200000,104345.0,105820.0,104111.1,104403.1,20948.7626
2025-05-12 08:00:00+00:00,1747036800000,104403.1,104683.5,104017.7,104558.6,5084.9697
2025-05-12 09:00:00+00:00,1747040400000,104558.6,104623.6,104313.9,104424.3,1895.9338
2025-05-12 10:00:00+00:00,1747044000000,104424.3,104493.5,104100.9,104477.0,3310.5609
2025-05-12 11:00:00+00:00,1747047600000,104477.0,104585.4,103558.7,103708.7,5853.5918
2025-05-12 12:00:00+00:00,1747051200000,103708.7,104093.0,103666.0,103829.8,4222.7103
2025-05-12 13:00:00+00:00,1747054800000,103829.8,104602.0,103612.0,104280.0,10003.2015
2025-05-12 14:00:00+00:00,1747058400000,104280.0,104346.3,102508.9,102760.8,17906.0933
2025-05-12 15:00:00+00:00,1747062000000,102760.8,103158.8,102349.0,102499.9,9943.2318
2025-05-12 16:00:00+00:00,1747065600000,102499.9,103030.7,102390.0,102810.6,2969.7055
2025-05-12 17:00:00+00:00,1747069200000,102810.6,103039.0,102500.0,102508.7,2588.1241
2025-05-12 18:00:00+00:00,1747072800000,102508.7,102620.0,100700.0,101582.6,19642.8977
2025-05-12 19:00:00+00:00,1747076400000,101582.6,102065.0,101440.0,101822.5,7781.8779
2025-05-12 20:00:00+00:00,1747080000000,101822.5,102850.0,101734.2,102640.6,5361.9053
2025-05-12 21:00:00+00:00,1747083600000,102640.6,102713.1,102313.7,102464.4,2678.7159
2025-05-12 22:00:00+00:00,1747087200000,102464.4,102885.8,102307.6,102803.7,2260.1106
2025-05-12 23:00:00+00:00,1747090800000,102803.7,103081.1,102736.2,102738.0,2815.0999
2025-05-13 00:00:00+00:00,1747094400000,102738.0,102738.1,102121.7,102229.9,3606.0704
2025-05-13 01:00:00+00:00,1747098000000,102229.9,102678.1,102036.7,102360.0,3410.6457
2025-05-13 02:00:00+00:00,1747101600000,102360.0,102639.9,101652.0,102035.1,6412.5963
2025-05-13 03:00:00+00:00,1747105200000,102035.1,102131.6,101400.1,101684.0,3626.5029
2025-05-13 04:00:00+00:00,1747108800000,101684.0,102725.0,101585.0,102700.0,6051.8868
2025-05-13 05:00:00+00:00,1747112400000,102700.0,102700.1,102230.0,102430.6,3714.6259
2025-05-13 06:00:00+00:00,1747116000000,102430.6,102648.9,102292.2,102505.2,2715.1892
2025-05-13 07:00:00+00:00,1747119600000,102505.2,102888.0,102505.2,102622.4,2639.1884
2025-05-13 08:00:00+00:00,1747123200000,102622.4,102920.0,102506.5,102676.4,3402.7957
2025-05-13 09:00:00+00:00,1747126800000,102676.4,103461.1,102676.4,103405.8,6152.9167
2025-05-13 10:00:00+00:00,1747130400000,103405.8,103569.1,103213.4,103515.6,3532.6273
2025-05-13 11:00:00+00:00,1747134000000,103515.6,103780.6,103407.2,103661.0,4321.8128
2025-05-13 12:00:00+00:00,1747137600000,103661.0,103931.2,103390.0,103637.0,9684.0304
2025-05-13 13:00:00+00:00,1747141200000,103637.0,103882.8,103346.9,103662.0,4361.2705
2025-05-13 14:00:00+00:00,1747144800000,103662.0,103700.0,102770.5,103149.3,8748.5323
2025-05-13 15:00:00+00:00,1747148400000,103149.3,103814.5,103100.0,103633.8,6486.7863
2025-05-13 16:00:00+00:00,1747152000000,103633.8,104351.9,103487.1,103679.6,9965.302
2025-05-13 17:00:00+00:00,1747155600000,103679.6,104259.5,103659.9,104214.5,3691.4178
2025-05-13 18:00:00+00:00,1747159200000,104214.5,104384.1,104052.6,104318.8,3539.6908
2025-05-13 19:00:00+00:00,1747162800000,104318.8,104950.0,104101.8,104748.9,7471.3548
2025-05-13 20:00:00+00:00,1747166400000,104748.9,104882.9,104344.2,104514.2,4226.2992
2025-05-13 21:00:00+00:00,1747170000000,104514.2,104577.8,104147.5,104299.9,2434.1017
2025-05-13 22:00:00+00:00,1747173600000,104299.9,104400.0,104053.9,104098.9,1202.4102
2025-05-13 23:00:00+00:00,1747177200000,104098.9,104224.6,103831.8,104083.4,2415.5341
2025-05-14 00:00:00+00:00,1747180800000,104083.4,104083.5,103730.2,103882.3,2149.0583
2025-05-14 01:00:00+00:00,1747184400000,103882.3,104035.7,103650.0,103699.4,1990.4892
2025-05-14 02:00:00+00:00,1747188000000,103699.4,103741.6,103470.1,103675.4,2573.1332
2025-05-14 03:00:00+00:00,1747191600000,103675.4,103744.0,103415.2,103544.7,1365.6455
2025-05-14 04:00:00+00:00,1747195200000,103544.7,103812.9,103426.8,103707.0,2218.5238
2025-05-14 05:00:00+00:00,1747198800000,103707.0,103950.7,103651.3,103856.9,2954.4339
2025-05-14 06:00:00+00:00,1747202400000,103856.9,103900.0,103605.4,103718.8,1357.0025
2025-05-14 07:00:00+00:00,1747206000000,103718.8,103751.1,103340.6,103659.9,3315.327
2025-05-14 08:00:00+00:00,1747209600000,103659.9,103818.2,103162.1,103162.8,4490.5765
2025-05-14 09:00:00+00:00,1747213200000,103162.8,103460.1,102833.2,103438.0,6723.1647
2025-05-14 10:00:00+00:00,1747216800000,103438.0,103901.2,103415.1,103658.0,3630.4374
2025-05-14 11:00:00+00:00,1747220400000,103658.0,104111.3,103658.0,103903.0,3261.8161
2025-05-14 12:00:00+00:00,1747224000000,103903.0,104162.8,103865.0,103951.2,2366.5555
2025-05-14 13:00:00+00:00,1747227600000,103951.2,104320.9,103444.4,103913.0,8062.783
2025-05-14 14:00:00+00:00,1747231200000,103913.0,103913.0,102850.0,103213.0,7917.5109
2025-05-14 15:00:00+00:00,1747234800000,103213.0,103500.0,102790.0,103460.3,4638.3423
2025-05-14 16:00:00+00:00,1747238400000,103460.3,103565.0,103107.2,103317.9,2152.5979
2025-05-14 17:00:00+00:00,1747242000000,103317.9,103381.1,102555.0,103205.0,5179.4509
2025-05-14 18:00:00+00:00,1747245600000,103205.0,103501.2,102976.4,103475.4,3814.63
2025-05-14 19:00:00+00:00,1747249200000,103475.4,103675.0,103201.3,103269.6,1913.9928
2025-05-14 20:00:00+00:00,1747252800000,103269.6,103607.4,103250.0,103501.0,985.947
2025-05-14 21:00:00+00:00,1747256400000,103501.0,103626.1,103373.9,103598.4,1189.7383
2025-05-14 22:00:00+00:00,1747260000000,103598.4,103617.5,103378.7,103458.3,587.7106
2025-05-14 23:00:00+00:00,1747263600000,103458.3,103568.9,103304.8,103453.1,786.5915
2025-05-15 00:00:00+00:00,1747267200000,103453.1,103819.5,103442.2,103744.9,1895.7781
2025-05-15 01:00:00+00:00,1747270800000,103744.9,103745.8,102916.2,102980.1,2896.3673
2025-05-15 02:00:00+00:00,1747274400000,102980.1,103155.0,102855.9,102995.5,2519.5561
2025-05-15 03:00:00+00:00,1747278000000,102995.5,103086.2,102666.9,102716.7,2178.4343
2025-05-15 04:00:00+00:00,1747281600000,102716.7,102927.3,102664.0,102859.4,1952.9042
2025-05-15 05:00:00+00:00,1747285200000,102859.4,102883.9,102277.0,102331.4,4979.3705
2025-05-15 06:00:00+00:00,1747288800000,102331.4,102650.9,102089.4,102216.2,5661.6693
2025-05-15 07:00:00+00:00,1747292400000,102216.2,102404.0,101675.9,101735.1,8582.3085
2025-05-15 08:00:00+00:00,1747296000000,101735.1,102278.0,101718.3,102215.6,4633.8279
2025-05-15 09:00:00+00:00,1747299600000,102215.6,102215.6,101460.5,101779.7,6346.4661
2025-05-15 10:00:00+00:00,1747303200000,101779.7,101886.6,101555.3,101759.0,3580.1362
2025-05-15 11:00:00+00:00,1747306800000,101759.0,102387.0,101734.1,102327.0,4135.01
2025-05-15 12:00:00+00:00,1747310400000,102327.0,102790.1,102226.0,102514.4,7560.2447
2025-05-15 13:00:00+00:00,1747314000000,102514.4,102750.0,101500.0,102078.9,9305.7522
2025-05-15 14:00:00+00:00,1747317600000,102078.9,102357.0,101313.6,101929.0,11337.3531
2025-05-15 15:00:00+00:00,1747321200000,101929.0,103233.5,101868.0,103209.5,10071.5159
2025-05-15 16:00:00+00:00,1747324800000,103209.5,103793.0,102979.1,103792.9,7045.5988
2025-05-15 17:00:00+00:00,1747328400000,103792.9,104150.5,103600.2,103933.0,7353.1186
2025-05-15 18:00:00+00:00,1747332000000,103933.0,103981.8,102580.2,102639.6,8864.7163
2025-05-15 19:00:00+00:00,1747335600000,102639.6,103178.6,102500.0,103101.5,6350.5952
2025-05-15 20:00:00+00:00,1747339200000,103101.5,103431.1,102850.0,103381.0,5317.8127
2025-05-15 21:00:00+00:00,1747342800000,103381.0,103381.0,102660.9,103228.6,2083.064
2025-05-15 22:00:00+00:00,1747346400000,103228.6,103928.3,103199.9,103453.2,3606.3396
2025-05-15 23:00:00+00:00,1747350000000,103453.2,103840.0,103180.7,103721.4,2586.5119
2025-05-16 00:00:00+00:00,1747353600000,103721.4,103981.1,103603.1,103709.8,2377.3027
2025-05-16 01:00:00+00:00,1747357200000,103709.8,104065.1,103420.0,104001.1,3043.5283
2025-05-16 02:00:00+00:00,1747360800000,104001.1,104434.0,103881.5,104167.0,6785.2192
2025-05-16 03:00:00+00:00,1747364400000,104167.0,104297.5,103960.0,103978.6,1383.7711
2025-05-16 04:00:00+00:00,1747368000000,103978.6,104146.7,103768.9,103875.5,1583.6566
2025-05-16 05:00:00+00:00,1747371600000,103875.5,104105.4,103790.0,103852.8,1313.3908
2025-05-16 06:00:00+00:00,1747375200000,103852.8,104056.3,103822.5,103948.6,1081.4724
2025-05-16 07:00:00+00:00,1747378800000,103948.6,104144.0,103637.8,103647.6,3472.9399
2025-05-16 08:00:00+00:00,1747382400000,103647.6,103718.9,103064.7,103354.7,4815.2331
2025-05-16 09:00:00+00:00,1747386000000,103354.7,103755.0,103354.7,103750.0,2434.793
2025-05-16 10:00:00+00:00,1747389600000,103750.0,103837.8,103580.2,103749.4,1719.3891
2025-05-16 11:00:00+00:00,1747393200000,103749.4,103864.9,103508.7,103613.1,1786.1694
2025-05-16 12:00:00+00:00,1747396800000,103613.1,103727.5,103450.0,103453.0,1668.5705
2025-05-16 13:00:00+00:00,1747400400000,103453.0,104039.7,103398.9,103952.6,3340.0401
2025-05-16 14:00:00+00:00,1747404000000,103952.6,103952.7,103298.9,103541.1,6837.2493
2025-05-16 15:00:00+00:00,1747407600000,103541.1,104242.1,103541.0,104143.5,5288.8454
2025-05-16 16:00:00+00:00,1747411200000,104143.5,104525.3,103794.2,104085.0,8522.823
2025-05-16 17:00:00+00:00,1747414800000,104085.0,104354.7,103737.0,103820.7,2555.2254
2025-05-16 18:00:00+00:00,1747418400000,103820.7,104062.2,103632.9,103636.5,1515.7673
2025-05-16 19:00:00+00:00,1747422000000,103636.5,103999.0,103560.0,103973.1,1527.3601
2025-05-16 20:00:00+00:00,1747425600000,103973.1,103977.3,103488.0,103652.3,1769.6921
2025-05-16 21:00:00+00:00,1747429200000,103652.3,103745.5,103456.6,103563.3,1109.9049
2025-05-16 22:00:00+00:00,1747432800000,103563.3,103570.5,103363.9,103465.1,1448.0935
2025-05-16 23:00:00+00:00,1747436400000,103465.1,103642.0,103368.9,103412.1,1306.3237
2025-05-17 00:00:00+00:00,1747440000000,103412.1,103490.9,103048.4,103306.2,3257.8656
2025-05-17 01:00:00+00:00,1747443600000,103306.2,103306.2,102561.0,102779.5,7441.1103
2025-05-17 02:00:00+00:00,1747447200000,102779.5,103319.0,102701.0,103231.3,4633.9785
2025-05-17 03:00:00+00:00,1747450800000,103231.3,103540.0,103114.0,103458.4,1963.9518
2025-05-17 04:00:00+00:00,1747454400000,103458.4,103618.3,103419.4,103598.7,3624.6869
2025-05-17 05:00:00+00:00,1747458000000,103598.7,103659.1,103283.1,103299.9,3148.0519
2025-05-17 06:00:00+00:00,1747461600000,103299.9,103450.0,103242.6,103429.9,988.8489
2025-05-17 07:00:00+00:00,1747465200000,103429.9,103576.0,103378.9,103396.8,1106.8705
2025-05-17 08:00:00+00:00,1747468800000,103396.8,103515.0,103081.9,103367.0,2283.0906
2025-05-17 09:00:00+00:00,1747472400000,103367.0,103504.7,102773.9,102860.0,7490.2018
2025-05-17 10:00:00+00:00,1747476000000,102860.0,102989.1,102776.0,102833.3,1784.6679
2025-05-17 11:00:00+00:00,1747479600000,102833.3,103041.1,102715.0,102939.0,2419.8553
2025-05-17 12:00:00+00:00,1747483200000,102939.0,103014.7,102849.2,102889.1,1156.4821
2025-05-17 13:00:00+00:00,1747486800000,102889.1,103058.0,102594.2,102671.1,3716.0715
2025-05-17 14:00:00+00:00,1747490400000,102671.1,103125.0,102671.0,103068.1,2360.582
2025-05-17 15:00:00+00:00,1747494000000,103068.1,103124.5,102893.3,102902.9,1237.3959
2025-05-17 16:00:00+00:00,1747497600000,102902.9,103065.0,102715.9,102885.8,1823.8866
2025-05-17 17:00:00+00:00,1747501200000,102885.8,103256.3,102885.5,103081.6,1928.0653
2025-05-17 18:00:00+00:00,1747504800000,103081.6,103295.1,102932.1,102951.5,3982.36
2025-05-17 19:00:00+00:00,1747508400000,102951.5,103155.9,102880.0,103101.1,428.9427
2025-05-17 20:00:00+00:00,1747512000000,103101.1,103392.3,103029.5,103325.2,908.6843
2025-05-17 21:00:00+00:00,1747515600000,103325.2,103429.3,103089.0,103202.8,1022.0594
2025-05-17 22:00:00+00:00,1747519200000,103202.8,103202.9,102850.5,102990.1,1643.3016
2025-05-17 23:00:00+00:00,1747522800000,102990.1,103168.9,102913.0,103082.4,543.7884
2025-05-18 00:00:00+00:00,1747526400000,103082.4,103361.8,103059.6,103327.9,875.9815
2025-05-18 01:00:00+00:00,1747530000000,103327.9,103347.0,103099.7,103204.7,608.6962
2025-05-18 02:00:00+00:00,1747533600000,103204.7,103300.0,103193.4,103288.7,409.4649
2025-05-18 03:00:00+00:00,1747537200000,103288.7,103329.5,103087.9,103237.3,1487.7938
2025-05-18 04:00:00+00:00,1747540800000,103237.3,103387.1,103237.3,103306.1,1336.149
2025-05-18 05:00:00+00:00,1747544400000,103306.1,103637.4,103306.0,103595.3,2055.724
2025-05-18 06:00:00+00:00,1747548000000,103595.3,103622.3,103312.7,103419.9,1831.8148
2025-05-18 07:00:00+00:00,1747551600000,103419.9,103941.0,103387.9,103884.0,2511.5907
2025-05-18 08:00:00+00:00,1747555200000,103884.0,104045.0,103782.8,103880.0,3645.7757
2025-05-18 09:00:00+00:00,1747558800000,103880.0,103989.1,103801.2,103833.8,3777.6269
2025-05-18 10:00:00+00:00,1747562400000,103833.8,103894.7,103762.1,103813.3,1724.4071
2025-05-18 11:00:00+00:00,1747566000000,103813.3,103947.7,103760.9,103768.8,1025.0864
2025-05-18 12:00:00+00:00,1747569600000,103768.8,103899.6,103659.6,103899.6,1874.3749
2025-05-18 13:00:00+00:00,1747573200000,103899.6,104774.5,103851.0,104707.0,10006.1359
2025-05-18 14:00:00+00:00,1747576800000,104707.0,105511.5,104498.1,105234.2,16870.0641
2025-05-18 15:00:00+00:00,1747580400000,105234.2,105662.5,104924.1,105483.5,10170.0514
2025-05-18 16:00:00+00:00,1747584000000,105483.5,106000.0,105137.7,105784.0,7336.8384
2025-05-18 17:00:00+00:00,1747587600000,105784.0,105869.6,104800.0,104811.5,8015.3071
2025-05-18 18:00:00+00:00,1747591200000,104811.5,104890.5,103920.0,104466.2,13188.8269
2025-05-18 19:00:00+00:00,1747594800000,104466.2,104701.0,103803.2,103833.7,3490.631
2025-05-18 20:00:00+00:00,1747598400000,103833.7,104198.9,103229.5,104002.8,8651.3768
2025-05-18 21:00:00+00:00,1747602000000,104002.8,104552.1,104002.7,104132.6,2831.2616
2025-05-18 22:00:00+00:00,1747605600000,104132.6,105938.2,103909.2,105889.8,9787.8161
2025-05-18 23:00:00+00:00,1747609200000,105889.8,106629.0,105425.5,106399.9,9389.5669
2025-05-19 00:00:00+00:00,1747612800000,106399.9,107083.8,105140.0,105236.9,13238.2471
2025-05-19 01:00:00+00:00,1747616400000,105236.9,105393.2,104703.6,105028.0,5562.8262
2025-05-19 02:00:00+00:00,1747620000000,105028.0,105150.0,104529.8,104614.2,5034.6557
2025-05-19 03:00:00+00:00,1747623600000,104614.2,104614.2,103523.2,103570.6,8154.0394
2025-05-19 04:00:00+00:00,1747627200000,103570.6,103740.3,102748.4,102970.8,11174.4281
2025-05-19 05:00:00+00:00,1747630800000,102970.8,103061.1,102503.6,102991.9,8706.8643
2025-05-19 06:00:00+00:00,1747634400000,102991.9,103136.0,102041.1,102173.5,8468.6353
2025-05-19 07:00:00+00:00,1747638000000,102173.5,103293.3,102132.3,103166.5,2423.7695
2025-05-19 08:00:00+00:00,1747641600000,103166.5,103322.3,102863.9,103189.2,1450.6449
2025-05-19 09:00:00+00:00,1747645200000,103189.2,103335.0,102957.4,103039.9,2395.3896
2025-05-19 10:00:00+00:00,1747648800000,103039.9,103047.8,102809.5,102883.4,3451.4982
2025-05-19 11:00:00+00:00,1747652400000,102883.4,103024.4,102731.9,102914.9,2039.5583
2025-05-19 12:00:00+00:00,1747656000000,102914.9,102914.9,102099.6,102420.0,6529.5862
2025-05-19 13:00:00+00:00,1747659600000,102420.0,103480.6,102270.9,103239.7,8417.5399
2025-05-19 14:00:00+00:00,1747663200000,103239.7,104325.1,103133.2,104271.6,14129.0416
2025-05-19 15:00:00+00:00,1747666800000,104271.6,104900.0,104216.1,104735.8,10159.0775
2025-05-19 16:00:00+00:00,1747670400000,104735.8,105397.6,104438.5,105310.6,10628.1512
2025-05-19 17:00:00+00:00,1747674000000,105310.6,105500.0,104895.1,105327.3,7553.8664
2025-05-19 18:00:00+00:00,1747677600000,105327.3,105499.4,105000.2,105127.7,3573.9265
